,Cluster 2,Cluster 3,Cluster 4,Cluster 5,Cluster 6,Cluster 7,Cluster 8,Cluster 9,Cluster 10,Cluster 11,Louvain,
0,0,0,4,5,5,5,5,5,5,5,0,
1,0,3,0,3,6,6,6,6,6,6,1,
2,0,3,3,5,5,3,3,5,5,5,0,
3,2,3,3,4,4,4,4,4,4,4,3,
4,0,0,4,5,5,5,5,5,5,5,0,
5,2,2,4,2,2,2,2,2,2,2,2,
6,0,3,0,3,6,6,6,6,6,6,1,
7,0,3,4,3,6,6,6,6,6,6,1,
8,0,3,0,3,6,6,6,6,10,10,5,
9,0,0,3,4,4,4,4,4,4,4,3,
10,2,2,4,5,2,2,2,2,2,2,2,
11,2,2,1,1,2,1,1,2,2,2,2,
12,2,2,4,2,2,2,2,2,2,2,2,
13,2,2,3,4,4,4,4,4,4,4,3,
14,0,1,1,1,6,6,8,8,8,8,4,
15,2,2,2,2,2,2,2,9,9,9,2,
16,2,2,1,2,2,1,1,1,1,1,2,
17,2,2,2,2,2,2,2,9,9,9,2,
18,2,2,2,2,2,2,2,9,9,9,2,
19,2,2,2,2,2,2,2,9,9,0,2,
20,2,2,2,2,2,2,2,9,9,9,2,
21,2,2,2,2,2,2,2,2,2,2,2,
22,2,2,2,2,2,2,2,9,9,9,2,
23,0,0,3,4,4,4,4,4,4,4,3,
24,2,2,4,3,6,6,8,8,8,8,4,
25,0,0,4,0,6,6,8,8,8,8,4,
26,0,3,3,4,3,3,3,9,9,9,3,
27,2,1,1,1,1,1,1,2,2,2,2,
28,1,1,1,1,1,1,1,1,1,1,2,
29,1,1,1,1,1,1,1,1,1,1,5,
30,0,3,3,4,4,3,3,3,3,3,3,
31,1,3,3,3,3,3,3,3,3,3,4,
32,0,3,3,3,3,3,3,3,3,3,4,
33,1,3,4,3,3,3,3,3,3,3,4,
34,1,1,1,1,1,1,1,1,1,1,5,
35,0,0,0,5,5,5,5,5,5,5,0,
36,1,1,1,1,1,1,1,1,10,10,5,
37,0,3,3,0,3,7,7,6,9,11,5,
38,1,1,1,1,1,1,1,1,1,1,5,
39,1,1,1,1,1,1,1,1,1,1,5,
40,2,2,4,4,4,7,7,7,7,7,4,
41,2,2,4,4,4,7,7,7,7,7,4,
42,2,2,4,4,4,7,7,7,7,7,4,
43,1,3,4,3,3,7,7,7,7,7,4,
44,1,1,1,1,1,7,7,1,1,1,5,
45,1,1,1,1,1,1,1,1,1,1,5,
46,1,1,1,1,1,1,1,1,1,1,5,
47,0,3,3,0,3,7,8,7,7,11,5,
48,1,1,1,1,1,1,1,1,1,1,5,
49,1,1,1,1,1,1,1,1,1,1,5,
50,1,3,3,3,3,3,3,3,3,3,4,
51,1,1,1,1,1,1,1,1,1,1,5,
52,1,1,1,1,1,1,1,1,1,1,5,
53,1,1,1,1,1,1,1,1,1,1,5,
54,99,99,99,99,99,99,99,99,99,99,99,
55,99,99,99,99,99,99,99,99,99,99,99,
Modularity,0.10840268693069444,0.10208503808753555,0.10346134397439866,0.11905883381084878,0.140699433210358,0.14365898216193027,0.14197094150767167,0.13642810734372068,0.13163128637303012,0.13439530791878757,0.1675466662530367,
NMI,0.44465027852075234,0.46536465192183263,0.48992087768441034,0.64520834125898041,0.69449780030738606,0.65137779320944755,0.67071642631122708,0.71499918082148017,0.70741671263332184,0.74158501075642003,1.0,
Silhoutte,0.04025329,0.03670975,0.04455718,0.09009193,0.11473064,0.16205025,0.19407334,0.18202237,0.20563039,0.25613893,0.13013129,